account	justificar
account for 	explicar
account for	dar cuenta de
act as	servir de
act as	hacer de
act for	representar a
act on	reaccionar a
act on	actuar sobre
act on	responder a
act out	representar
act out	interpretar
act out	comportar se mal
act out	portar se mal
act up	portar se mal
act up	enrabietar se
act upon	actuar por
act upon	actuar sobre
add up to	sumar
add up to	llevar a
add up to	conducir a
add up	sumar
add up	tener sentido
adhere to	acatar
adhere to	obedecer
adhere to	cumplir con
advise against	aconsejar no
advise against	desaconsejar
advise of	informar
agree with	coincidir con
agree with	estar de acuerdo con
aim at	dirigir se a
allow for	tener en cuenta
allow for	permitir
allude to	aludir a
answer back	replicar
answer back	responder
answer back	contestar
answer back	defender se
answer back	insolentar se
answer for	responder por
answer for	ser adecuado para
answer for	ser usado como
appeal for	pedir
appeal for	reclamar
appeal for	recurrir a
appeal for	solicitar
apply to	presentar se
apply to	postular se
arrive at	llegar a acuerdo
arrive at	llegar a conclusión
ask about	preguntar por
ask about	preguntar sobre
ask after	preguntar por
ask around	preguntar por ahí
ask around	tantear a
ask around	tantear
ask back	volver a invitar
ask for	pedir
ask for	solicitar
ask for	preguntar por
ask in	invitar a entrar a
ask in	invitar a pasar a
ask out	invitar a salir a
ask out	mandar salir a
ask up	invitar a subir a
associate with	juntar se con
associate with	ir con
associate with	andar con
associate with	tratar con
attach to	colocar en
attach to	atar a
attach to	amarrar a
attach to	abrochar a
attach to	conectar a
attach to	sujetar a
attach to	encariñar se con
attach to	conceder a
attend to	prestar atención a
attend to	ocupar se de
attend to	atender a
auction off	subastar
auction off	rematar
average out at	tener de media de
back away	retroceder
back away	retirarse
back away	alejarse
back down	recular
back down	retroceder
back out	retractar se 
back out	volver se atrás
back out	echar se atrás
back out	arrepentir se de
back out	desvincular se de
back out	retirar se de
back out of	retractar se de
back out of	volver se atrás en
back out of	echar se atrás en
back out of	arrepentir se de
back out of	desvincular se de
back out of	retirar se de
back up	respaldar a
back up	respaldar
back up	apoyar a
back up	apoyar
back up	realizar una copia de seguridad
back up	confirmar
back up	corroborar
back up	dar marcha atrás
back up	echar marcha atrás
back up	retroceder
bail out	retirar se
bail out	rajar se
bail out	rescatar
bail out	pagar la fianza
bail out	sacar de un apuro a
bail out	sacar de un apuro
bail out	achicar
bail out of	abandonar
bail out of	dejar
bail out of	acabar con
bail out of	largar se de
bank on	contar con
base on	basar se en
be about	estar por
be about	estar más o menos a
be about	estar aproximadamente a
be about	estar presente
be about	estar cerca
be away	estar fuera
be back	regresar
be back	volver
be off	ir se
bear on	pesar sobre
bear out	confirmar
bear out	corroborar
bear out	apoyar
beat up	aporrear a
beat up	aporrear 
beat up	apalear a
beat up	golpear a
beat up	golpear
beat up	pegar a
become of	pasar con
become of	ser de
beef up	fortalecer
bend down	agachar se
bend over	inclinar se
bend over	agachar se
bend over	doblar
bet on	apostar
bite off	morder
black out	oscurecer
black out	desmayar se
blow away	liquidar a
blow away	liquidar
blow away	meter se en el bolsillo a
blow away	volar
blow away	llevar se
blow away	deslumbrar a
blow away	matar a
blow away	matar
blow down	derrumbar
blow down	derribar
blow down	tumbar
blow down	voltear a
blow down	voltear
blow down	dejar sin palabras a
blow down	dejar sin palabras 
blow down	dejar de una pieza a
blow down	dejar de una pieza 
blow down	dejar helado
blow down	sorprender a
blow down	sorprender
blow off	volar de
blow off	volar
blow off	tirar se un pedo
blow off	rechazar
blow off	faltar a
blow off	escaquear se de
blow out	apagar
blow out	soplar
blow out	rechazar
blow out	destrozar
blow up	volar
blow up	explotar
blow up	estallar
blow up	hacer volar
blow up	hacer explotar
blow up	hacer estallar
blow up	destrozar
blow up	detonar
blow up	cabrear se
blow up	calentar se
blow up	agrandar
blow up 	ampliar
blow up 	inflar
border on	limitar con
border on	lindar con
border on	bordear
border on	rozar
border on	rayar en
bow out	excusar se
bow out	retirar se
bow out of	retirar se de
break away	escapar
break away	escapar se
break away	separar se
break away from	separar se de
break away from	desvincular se de
break away	romper
break down	romper se
break down	averiar se
break down	llorar
break down	desmelenar se
break down	romper a llorar
break down	estropear se
break down	derribar
break down	descomponer
break down	desglosar
break down	analizar
break in	irrumpir en
break in	interrumpir
break in	domar
break in	amoldar
break in	formar a
break in	formar
break in	acostumbrar se a 
break in	morir en
break into	asaltar
break into	allanar
break into	arrancar se a
break into	interrumpir
break into	irrumpir en
break into	meter se en
break into	iniciar se en
break off	romper
break off	terminar
break off	desprender se
break off	quebrar se
break off	partir
break off	suspender
break off	poner fin
break out	escapar
break out	escapar se
break out	fugar se
break out	evadir se
break out	estallar
break out	liberar
break out in	salir
break out in	aparecer
break out in	dar
break out of	escapar de
break out of	escapar se de
break up	romper
break up	deshacer se de
break up	desintegrar se
break up	separar se
break up	estallar de risa
break up	dividir
break up	separar
break up	separar se
break up	destruir
break up	finalizar
break up	dar fin a
break up	poner fin a
breathe in	respirar
breathe in	inhalar
breathe in	aspirar
breathe out	exhalar
brighten up	aclarar
brighten up	mejorar
brighten up	despejar
brighten up	embellecer
brighten up	animar  
brighten up	animar se
bring about	acarrear
bring about	ocasionar
bring about	provocar
bring about	producir
bring about	proporcionar
bring about	dar lugar a
bring along	traer a
bring along	traer
bring along	traer consigo a
bring along	traer consigo
bring back	traer a
bring back	traer
bring back	reintroducir
bring back	relanzar
bring back	despertar
bring back	evocar
bring down	derribar a
bring down	derribar
bring down	hacer caer a
bring down	hacer caer
bring down	hacer desaparecer
bring down	hundir a
bring down	hundir
bring down	abatir 
bring forward	adelantar
bring in	introducir
bring in	traer a
bring in	traer
bring off	llevar a cabo
bring off	conseguir
bring off	lograr
bring off	alcanzar
bring on	provocar
bring on	causar
bring on	suscitar
bring on	desatar
bring on	presentar a
bring on	presentar
bring out	suscitar
bring out	sacar
bring out	resaltar
bring out	publicar
bring out	editar
bring out	lanzar
bring up	plantear
bring up	criar a
bring up	criar
bring up	alimentar a
bring up	alimentar
bring up	educar a
bring up	educar
bring up	devolver
bring up	vomitar
brush off	ignorar
brush off	cepillar
brush off	ningunear
brush off	menospreciar
brush up	refrescar
brush up	repasar
brush up against	rozar
brush up on	repasar
buckle up	abrochar se 
bugger off	largar se
bugger off	abrir
bugger off	ahuecar
build on	construir sobre
build on	construir en
build on	basar se en
build up	levantar
build up	erigir
build up	desarrollar
build up	construir se
build up	construir
build up	reforzar
build upon	basar se en
build upon	desarrollar
build upon	basar en
build upon	construir sobre
bump into	dar se contra
bump into	chocar contra
bump into	chocar con
bump into	encontrar se con
bump into	tropezar con
bump into	topar se con
burn down	incendiar
burn down	quemar se
burn down	arder
burn down	consumir
burn down	derrumbar
burn away	consumir
burn away	arder
burn away	quemar
burn away	incendiar se
burn away	incendiar
burn out	consumir se
burn out	quemar se
burn out	apagar se
burn out	agotar se
burn up	arder de fiebre
burn up	poner se furioso
butt in	entrometer se
butt into	meter se en
butter up	dorar la píldora a
butter up	suavizar
butter up	endulzar
buy up	acaparar
buy up	acopiar
call around	llamar por ahí
call at	parar en
call at	hacer escala en
call back	devolver la llamada a
call down	regañar a
call for	exigir
call for	requerir
call for	pronosticar
call in	hacer pasar a
call off	cancelar
call off	suspender
call on	apelar a
call on	recurrir a
call on	visitar  
call on	visitar a
call out	gritar a
call out	gritar
call out	convocar a 
call out	desafiar a
call out	retar a
call over	invitar a
call up	telefonear a
call up	llamar a
call up	reclutar a
call up	reclutar 
call upon	recurrir
call upon	recurrir a
calm down	calmar se
calm down	calmar
calm down	apaciguar a
calm down	apaciguar
calm down	sosegar
care for	adorar
care for	cuidar de
care for	ocupar se de
carry along	traer a
carry along	traer 
carry along	llevar a   
carry along	llevar
carry off	llevar se
carry off	robar
carry off	secuestrar a
carry off	llevar se
carry off	lograr
carry on	continuar
carry on	proseguir
carry on with	continuar con
carry out	realizar
carry out	hacer
carry out	cumplir con
carry out	completar
carry out	llevar a cabo
catch on	captar
catch on	pillar
catch on	comprender
catch on	entender
catch on	agarrar a
catch on	agarrar
catch on	pescar
catch up	alcanzar a
catch up	alcanzar
catch up	poner se al día
catch up with	alcanzar
catch up with	alcanzar a
catch up with 	pasar factura a
catch up with	pillar a
catch up with	pillar
catch up with	atrapar a
catch up with	atrapar
catch up with	capturar a
catch up with	capturar
catch up with	reencontrar se
catch up with on	poner se al día con
cater to	satisfacer
cater to	satisfacer a
cater to	atender
cater to	atender a
cater to	abastecer
cater to	abastecer a
cater to	complacer
cater to	beneficiar a
cater to	complacer a
change into	transformar se en
change into	convertir se en
change into	poner se
change over to	cambiar a
charge for	pedir dinero por
charge for	cobrar
chase up	hacer un seguimiento
chat up	camelar
chat up	camelar a
cheat at	hacer trampa en
cheat on	hacer trampa
cheat on	hacer trampa a
cheat on	engañar
cheat on	engañar a
check in	registrar
check in	registrar se
check in	facturar
check in	reportar se a
check in with	poner se en contacto con
check in with	contactar con
check into	registrar se
check into	verificar
check on	chequear
check on	chequear a
check on	controlar
check on	controlar a
check on	comprobar
check on	verificar
check out	verificar
check out	comprobar
check out	investigar
check out	fijar se en
check out	sacar
check out	salir de
check out	morir se
check out	ir se al otro barrio
check through	despachar
check through	facturar
cheer on	alentar
cheer on	alentar a
cheer on	animar
cheer on	animar a
cheer on	vitorear a
cheer up	alegrar
cheer up	alegrar a
cheer up	animar
cheer up	animar a
cheer up	alegrar se
chip in	intervenir
chip in	interrumpir
chip in	poner dinero para
chip in	poner
chip in	aportar
chip in	contribuir con
chop down	cortar
chop down	talar
chop up	picar
clean out	limpiar
clean out	ordenar
clean out	dar cuenta de
clean out	dejar sin nada
clean out	dejar sin nada  a
clean out	limpiar
clean out	vaciar
clean up 	limpiar
clean up	reformar
clear away	organizar
clear off	marchar se
clear out	vaciar
clear up	aclarar
clear up	limpiar
clear up	resolver
clear up	explicar
clear up	desaparecer
clear up	mejorar
clear up	despejar
climb up	escalar
climb up	ascender
climb up	subir se a
climb up	trepar a
close down	cerrar
close down	clausurar
come about	suceder
come about	ocurrir
come about	acontecer
come about	virar
come across	topar se con
come across	encontrar se con
come across	cruzar se con
come across	dar la impresión de ser
come across	parecer
come across with	soltar
come after	seguir
come after	seguir a
come after	perseguir
come after	perseguir a
come after	ir detrás de
come after	llegar después de
come after	producir se después de
come along	progresar
come along	llegar
come along	aparecer
come along	presentar se
come along	acompañar a
come along	venir
come apart	deshacer se
come apart	desarmar se
come apart	desprender se
come around	volver
come around	dejar se convencer
come around	poner se de acuerdo
come around	dejar se caer por
come around	venir
come back	volver
come back	regresar
come down	bajar
come down	descender
come down	venir se abajo
come down	desmoronar se
come down	derrumbar se
come down on	caer encima de
come down to	depender de
come down with	contraer
come down with	coger
come forward	presentar se
come forward	ofrecer se
come forward	poner se a disposición de
come from	proceder de
come from 	provenir de
come from 	venir de
come in	entrar
come in	llegar
come into	meter se
come into	acceder a
come into	entrar en
come into	poner se de
come into being	nacer
come of	resultar
come of	resultar de
come of age	llegar a mayoría de edad
come off	graduar se
come off	suceder
come off	tener lugar
come off	quitar se de
come off	separar se de
come onto	coquetear con
come onto	ligar con
come on to	pasar a
come out	salir
come out	salir de
come out	aparecer
come out	declarar se
come out	publicar se
come out	presentar se
come out	estrenar se
come out	divulgar se
come out	filtrar se
come out of	salir de
come out of	descontar se
come out of	provenir de
come out of	sacar de
come out of	surgir de
come over	venir se
come over	pasar se
come over	invadir
come through	notar se
come through	manifestar se
come through	lograr
come through	conseguir
come through	superar
come to	volver en sí
come to	alcanzar
come to	llegar
come to	llegar a
come up	salir
come up	surgir
come up	levantar se
come up	pasar
come up	subir a
come up	elevar se
come up	acercar se
come up	acercar se a
come up against	tropezar se con
come up against	topar se con
come up against	competir contra
come up against	competir con
come up with	inventar se
come up with	elaborar
come up with	conseguir
cover up	tapar
cover up	cubrir
cover up	esconder
cover up	encubrir
cover up	tapar se
cover up	cubrir se
count on	contar con
count on	confiar en
count on	fiar se de
crack down on	tomar medidas contra
crack down on	acabar con
crack down on	castigar
crack down on	castigar a
cross off	tachar
cross off	tachar a
cross off	tildar 
cross off	tildar a
cross off	eliminar
cross off	eliminar a
cross out	tachar
cross out	tachar a
cry out	gritar
cry out	chillar
cry out for	pedir a gritos
cry out for	clamar 
curl up	acurrucar se
curl up 	enroscar se
curl up	enrollar se
cut back	recortar
cut back	restringir
cut back	reducir
cut back on	recortar en
cut down	bajar
cut down	reducir
cut down	talar
cut down	cortar
cut down	matar a
cut down	liquidar a
cut down	derribar a
cut down on	recortar
cut down on	recortar en
cut down on	reducir en
cut in	adelantar se
cut in	colar se
cut in	interponer se
cut in	cortar
cut in	entrometer se en
cut in	compartir se con
cut off	amputar se
cut off	amputar
cut off	cortar se
cut off	cortar
cut off	repudiar a
cut off	apartar se de
cut off	distanciar se de
cut off	caer se
cut off	desconectar se
cut off	interrumpir a
cut off	interrumpir
cut out	recortar
cut out	sacar
cut out	eliminar
cut out	suprimir
cut out	cortar
cut out	dejar
cut out	cortar se
cut out	pirar se
cut up	trocear
cut up	picar
cut up	estar fatal
date back to	datar de
date back to	existir desde
date back to	remontar se a
date back to	ser de
date from	datar de
dawn on	ocurrir a
deal in	incluir
deal in	incluir a
deal in	tratar con
deal in	lidiar con
deal in	integrar a
deal with	lidiar con
deal with	resolver
deal with	ocupar se de
deal with	negociar con
deal with	tratar
deal with	tratar con
deal with	encargar se de
deal with	manejar
deal with	soportar a
deal with	soportar
deal with	hacer frente a
deal with	poder con
decide on	optar por
decide on	escoger
decide on	elegir
delight in	deleitar se con
delve into	indagar en
depend on	confiar en
depend on 	contar con
depend on	depender de
deter from	disuadir de
devote to	dedicar a
die away	morir
die away	difuminar se
die away	desvanecer se
die down	disminuir
die down	apagar se
die off	desvanecer se
die off	extinguir se
die off	desaparecer
die off	perder se
die out	extinguir se
die out	desaparecer
die out	perder se
dig in	atacar
dig in	empezar a comer
dig in	instalar se
dig into	instalar se en
dig in	establecer se
dig into	establecer se en
dig in	atrincherar se
dig into	atrincherar se en
dig in	no ceder
dig up	exhumar
dig up	desenterrar
dig up	revelar
dig up	exponer
dig up	descubrir
dip into	hojear
dip into	recurrir a
dish out	servir
dish out	repartir
dispose of	deshacer se de
dispose of	acabar con
dispose of	terminar con
dispose of	tirar
dispose of	deshechar
divide up	dividir
divide up	repartir
divide up	separar
do over	rehacer
do away with	eliminar
do away with	eliminar a
do away with	acabar con
do away with	deshacer se de
do away with	cargar se a
do in	cargar se a
do in	cansar a
do in	agotar a
do in	lastimar
do up	remodelar
do up	renovar
do up	redecorar
do up	abrochar
do up	abotonar
do up	reacondicionar
do without	obviar
do without	apañar se
do without	prescindir de
do without	vivir sin
doze off	cabecear
drag on	seguir machaconamente
draw on	recurrir a
draw on	usar
draw on	utilizar
draw on	inspirar se en
draw on 	basar se en
draw on	poner se
draw on	vestir se
draw out	prolongar
draw out	seguir
draw out	continuar
draw out	sonsacar
draw up	redactar
draw up 	elaborar
draw up	traer
draw up	acercar
draw up	sacar
draw up	levantar
draw up	acercar se
draw up	aproximar
draw up	llegar
draw upon	recurrir a
dream of	soñar
dream of	soñar con
dream of	fantasear
dream of	fantasear con
dream of	imaginar
dream up	fabular
dream up	imaginar
dream up	imaginar se
dream up	inventar
dream up	inventar se
dress up	poner se elegante
dress up	emperifollar se
dress up	disfrazar se
dress up	disfrazar
dress up	disfrazar a
dress up	poner elegante
dress up	poner elegante a
dress up	vestir elegante
dress up	vestir elegante a
drive away	alejar se conduciendo
drive away	repeler a
drive away	espantar a
drive away	ahuyentar a
drive away	alejar a
drive away	repeler
drive away	espantar
drive away	ahuyentar
drive off	alejar se en coche
drive off	ahuyentar a
drive off	ahuyentar
drive off	espantar a
drive off	espantar
drive out	echar
drive out	echar a
drive out	expulsar a
drive out	expulsar
drop back	quedar se atrás
drop by	pasar
drop by	dejar se caer
drop by	pasar se
drop in	dejar se caer
drop in	pasar
drop in on	visitar
drop in on	visitar a
drop off	decrecer
drop off	caer
drop off	dar una cabezada
drop off	llevar a
drop off	alcanzar a
drop out of	abandonar
drop out of	dejar
drop over	pasar se
drop over	dejar se caer
drum up	fomentar
drum up	suscitar
dry up	secar
dry up	secar se
dry up	agotar se
dry up	consumir se
dry up	callar se
dumb down	simplificar
dwell on	pensar obsesivamente en
dying for	morir se por
ease off	aflojar con
ease off	suavizar con
ease off	aliviar a
ease off	moderar se con
ease off	atemperar con
ease up on	tratar mejor a
eat away	carcomer
eat away	consumir
eat away	erosionar
eat away	socavar
eat away	minar
eat away	roer
eat away	corroer
eat away	desgastar
eat in	cenar en casa
eat into	comer se
eat out	cenar fuera
eat out	salir a cenar
eat up	comer se
eat up	consumir
eat up	tragar
eat up	tragar se
eat up	devorar
eat up	acabar
eat up	chupar
eat up	chupar se
eat up	disfrutar
egg on	animar a
egg on	animar
embark on	embarcar se en
embark on	embarcar se
embark on	aventurar se en
embark on	embarcar
embark on	lanzar se a
empty out	vaciar
empty out	vaciar se
empty out	terminar se
empty out	acabar con
empty out	agotar
end in	desembocar
end off	acabar
end off	terminar
end off	completar
end off	poner fin a
end up	acabar en
end up	terminar en
end up	llegar a
end up	terminar
end up	acabar
end up	terminar con
end up with	quedar se con
end up with	terminar
end up with	terminar con
engage in	dedicar se a
engage in	hacer
engage in	organizar se
enter into	involucrar se en
enter into	participar en
enter into	involucrar se con
entitle to	dar derecho a
entitle to	autorizar a
entrust to	encomendar 
entrust to	confiar 
even up	igualar
even up	nivelar
even up	igualar se
even up	nivelar se
face up to	hacer frente a
face up to	afrontar
face up to	enfrentar
face up to	enfrentar se a
factor in	incluir
factor in	considerar
factor in	tener en cuenta
fade away	difuminar se
fade away	atenuar se
fade away	palidecer
fade away	disipar se
fade away	desvanecer se
fade away	esfumar se
fade away	desaparecer
fade away	perder se
fade away	desdibujar se
fall about laughing	partir se de risa
fall about laughing	morir se de risa
fall apart	romper se
fall apart	desarmar se
fall apart	deshacer se
fall apart	romper se
fall apart	quebrar se
fall apart	derrumbar se
fall apart	desmoronar se
fall away	disminuir
fall away	decrecer
fall away	menguar
fall away	decaer
fall away	disipar se
fall away	desaparecer
fall back on	recurrir a
fall back on	echar mano de
fall back on	apoyar se en
fall back	retroceder
fall back	retirar se
fall behind	atrasar se
fall behind	retrasar se
fall behind	quedar se atrás
fall behind	rezagar se
fall down	colapsar
fall down	derrumbar se
fall down	caer se
fall down	caer se de
fall down	caer
fall down	caer de
fall down	caer por
fall down	sucumbir
fall down	fallar
fall down	fracasar
fall down	hundir se
fall down	venir se abajo
fall for	creer se
fall for	morir se por
fall for	colar se por
fall in love	enamorar se
fall in love with	enamorar se de
fall in with	juntar se con
fall in with	aceptar
fall in	desplomar se
fall in	formar
fall in	colapsar
fall in	derrumbar se
fall in	caer se
fall into	encajar en
fall into	entrar en
fall into	caer en
fall into	caer se en
fall off	desprender se
fall off	caer se
fall off	caer se de
fall off	despegar se
fall off	despegar se de
fall off	salir se
fall off	salir se de
fall off	deslizar se de
fall off	caer
fall out	pelear se
fall out	reñir
fall out	romper filas
fall out	caer se
fall out	caer se de
fall over	tropezar con
fall through	fracasar
fall through	quedar en nada
fall through	venir se abajo
fall through	caer
fall through	caer se
feel for	compadecer a
feel for	sentir lástima por
feel for	tantear
feel for	querer a
feel up to	sentir se con ánimos para
feel up to	sentir se con fuerzas para
feel up to	tener ganas de
fight back	resistir se
fight back	contraatacar
fight off	repeler
fight off	defender se de
fight off	ahuyentar
fight off	combatir
fight off	luchar contra
figure on	contar con
figure on	esperar
figure out	determinar
figure out	descubrir
figure out	resolver
figure out	solucionar
figure out	descifrar
figure out	averiguar
figure out	comprender
figure out	calcular
fill in for	sustituir a
fill in	rellenar
fill in	completar
fill in	sustituir
fill in	suplantar
fill in	poner al corriente a
fill out	engordar
fill out	rellenar
fill up	llenar
fill up with	llenar se de
fill up with	llenar se con
fill up with	llenar de
fill up with	llenar con
find out	descubrir
find out	dar se cuenta de
find out	averiguar
find out	enterar se de
finish off	terminar
finish off	completar
finish off	acabar
finish off	eliminar a
finish off	eliminar 
finish off	liquidar
finish off	rematar a
finish off	liquidar a
finish up	terminar
finish up	terminar se
finish up	acabar
finish up	acabar se
finish with	cortar con
finish with	acabar con
finish with	terminar con
fire up	avivar a
fire up	avivar
fire up	avivar se
fire up	encender
fire up	encender se
fire up	hacer despegar
fire up	enfervorizar a
fire up	enfervorizar
fire up	enfervorizar se
fire up	animar a
fire up	animar
fire up	animar se
fire up	calentar
fire up	calentar se
fire upon	disparar contra
fire upon	disparar a
fit in	adaptar se
fit in	congeniar
fit in	encajar
fit in	acomodar a
fit in	acomodar
fit in with	encajar con
fit together	encastrar
fit together	adaptar se
fit together	encajar
fix up	arreglar
fix up	restaurar
fix up	reparar
fix up	juntar a
fix up	emparejar a
fizzle out	caer
fizzle out	apagar se
fizzle out	quedar en nada
fizzle out	morir se
fizzle out	decaer
fizzle out	desinflar se
fizzle out	fallar
flare up	reavivar se
flare up	estallar
flare up	exacerbar se
flare up	brotar
flare up	inflamar se
flare up	agudizar se
flare up	encender se
flare up	abrasar
flare up	saltar
flick through	hojear
flood in	inundar
flood in	invadir
flood in	llegar masivamente 
flood in	llover
flood in	afluir 
flood in	aflorar
flood in	agolpar se
fob off	engatusar a
fob off	evadir a
focus on	dedicar se a
focus on	concentrar se en
focus on	centrar se en
follow through	acabar
follow through	terminar
follow through	cumplir
follow through	completar
follow through	seguir
follow through with	acabar con
follow through with	terminar con
follow up	seguir
follow up	continuar
follow up	investigar
follow up	estudiar
fool around	hacer el tonto
fool around	echar un polvo
forge ahead	seguir adelante
forge ahead with	avanzar con determinación
freak out	friquear
freak out	flipar
freak out	asustar a
freak out	dar miedo a
freak out about	calentar se por
free up	desocupar
free up	desocupar a
free up	liberar
free up	liberar a
freshen up	refrescar se
freshen up	lavar se
freshen up	refrescar
freshen up	lavar
freshen up	airear
freshen up	ventilar
freshen up	orear
frighten away	espantar
frighten away	espantar a
frighten off	espantar
frighten off	espantar a
frighten off	ahuyentar
frighten off	ahuyentar a
frighten off	asustar
frighten off	asustar a
frown upon	desaprobar
function as	hacer las veces de
function as	actuar como
fuss over	preocupar se por
fuss over	alborotar se por
fuss over	impacientar se por
fuss over	agobiar a
gather around	agrupar se alrededor de
get about	mover se
get about	viajar
get about	desplazar se
get across	transmitir
get across	expresar
get across	hacer entender
get ahead	progresar
get ahead	ahorrar se
get ahead	sacar ventaja
get ahead of	ganar a
get ahead of	triunfar
get ahead of	adelantar a
get along with	llevar se bien con
get along with	progresar con, prosperar con
get along without	apañar se sin
get along	llevar se bien
get around to	encontrar tiempo para
get around	mover se
get around	desplazar se
get around	viajar
get around	evitar
get around	sortear
get around	correr
get around	difundir se
get at	querer decir
get at	insinuar
get at	meter se con
get at	sobornar a
get at	hacer se con
get away with	salir impune de
get away with	zafar se de
get away with	librar se de
get away	huir
get away	escapar se
get away	escapar
get away	fugar se
get away	escabullir se
get away	hacer una escapada
get back	volver
get back	regresar
get back	devolver 
get back at	vengar se de
get back into	recuperar el interés por
get behind	respaldar
get behind	apoyar
get by	salir adelante
get by	arreglar se las
get by in	apañar se
get down to	poner se a
get down	bajar
get down	apear se
get down	bajar se
get down	desanimar a
get down	deprimir a
get in	llegar a casa
get in	entrar
get in	meter se
get in	subir
get in	entrar en
get into	meter se en
get into	subir a
get into	enganchar se a
get into	interesar se por
get off with	ligar con
get off with	zafar
get off with	afanar
get off with	sustraer
get off with	birlar
get off	bajar se
get off	apear se
get off	correr se
get off on	molar
get off on	encantar
get off on	chiflar
get on to	consultar con
get on to	consultar a
get on to	avanzar con  
get on to	proseguir con
get on to	seguir con
get on	subir se a
get on	subir a
get on	montar se en
get on	abordar
get on	triunfar
get on	ser alguien
get on	ir
get on	llevar se bien
get out of	librar se de
get out of	escapar de
get out of	huir de
get out of	salir de
get out of	eludir
get out of	zafar se de
get out of	evadir
get out	escapar
get out	salir
get out	huir
get over with	acabar con
get over	recuperar se
get over	mejorar
get over	sobreponer se a
get over	olvidar se de
get over	aceptar
get over	creer
get over	hacer entender
get round to	encontrar tiempo para
get round	convencer a
get round	persuadir a
get round	ganar a
get through	superar
get through	sobrevivir a
get through to	localizar a
get to	llegar a  
get to	alcanzar
get together	reunir se
get together	juntar se
get together	ver se
get together	juntar
get together	reunir
get together	recoger
get up	levantar se
get up	despertar a
get up	reunir
get up	juntar
get up in	vestir
give away	donar
give away	confesar
give away	descubrir
give away	desvelar
give away	revelar
give away	traicionar
give away	vender
give away	entregar
give away	regalar
give away	delatar
give away	repartir
give away	distribuir
give away	regular
give back	devolver
give in	rendir se
give in to	someter se a
give in to	rendir se a
give in to	ceder
give in to	sucumbir a
give off	emanar
give off	despedir
give off	emitir
give off	desprender
give onto	dar a
give out	dar
give out	repartir
give out	emitir
give out	distribuir
give out	fallar
give out	agotar 
give out	faltar a
give out	abandonar
give out	acabar se
give out	agotar se
give over	dejar de
give up on	abandonar
give up on	desistir de  
give up	abandonar a
give up	abandonar
give up	ceder
give up	renunciar a
give up	dejar
give up	desistir
go about	manejar se
go about	conducir se
go about	comportar se
go about	vagar
go about	poner se con
go about	emprender
go about	abordar
go about	hacer
go about	llevar a cabo
go about	dedicar se a
go after	ir por
go after	perseguir a
go after	perseguir
go after	seguir a 
go after	seguir
go against	oponer se a
go ahead with	seguir con
go ahead with	seguir adelante con
go ahead	avanzar
go along with	aceptar
go along with	consentir con
go along with	estar de acuerdo con
go along	ir
go along to	pasar por
go around	girar
go around	rodar
go around	rotar
go around	rodear
go around	alcanzar
go around	circular por
go around	correr por
go away	marchar se
go back on	romper
go back on	no cumplir
go back	retrasar
go back	retroceder
go back	regresar
go back	volver
go back	remontar se
go back to	volver a  
go back to	regresar a
go back to	remontar se a
go beyond	ir más allá de
go by	pasar
go by	ir se
go by	seguir
go by	ir en
go by	pasar por
go down with	agarrar
go down with	coger
go down with	pillar a
go down with	pillar
go down	bajar
go down	descender
go down	disminuir
go for	elegir
go for	decantar se por
go for	decidir se por
go for	ir a
go for	ir a por
go for 	vender se por
go for	vender se a
go in for	soler gustar
go in	entrar
go in	apuntar se a
go in	querer entrar
go into	entrar en
go into	meter se en
go off with	escapar se con
go off with	marchar se con
go off with a bang	triunfar
go off with	salir con
go off	explotar
go off	sonar
go off	pasar se
go off	estropear se
go off	marchar se
go off	ir se
go off	desenamorar se de
go on	partir
go on 	ir
go on	salir
go on	seguir
go on	perdurar
go on	continuar
go on	aguantar
go out	salir
go out	apagar se
go over to	pasar se a
go over to	cambiar a
go over to	pasar a
go over	repasar
go over	revisar
go through with	llevar a cabo
go through with	seguir adelante con
go through	cruzar
go through	pasar por
go through	sufrir
go through	soportar
go through	atravesar
go through	repasar
go through	revisar
go through	agotar
go through	acabar con
go through	quedar se sin
go through	buscar entre
go together	combinar bien
go together	hacer juego
go under	hundir se
go under	fracasar
go up	aumentar
go up	subir
go up	erigir se
go up	construir se
go up	levantar
go up	levantar se
go up	ascender
go up	incendiar se
go up	explotar
go up	estallar
go with 	acompañar a
go with	ir con
go with	salir con
go with	combinar con
go without	pasar sin
go without	prescindir de
grow apart	distanciar se
grow apart	alejar se
grow apart	separar se
grow away from	distanciarse de
grow back	volver a crecer
grow back	volver a salir
grow into	convertir se en
grow into	hacer se
grow into	transformar se en
grow into	poder usar
grow out of	perder el interés por
grow out of	ir se de
grow out of	perder
grow out of	nacer de
grow out of	surgir de
grow up	crecer
grow up	hacer se mayor
grow up	madurar
hammer out	lidiar con
hammer out	lidiar
hand round	repartir
hand round	ofrecer
hand round	pasar
hand back	devolver
hand down	heredar de
hand down	legar
hand in	entregar se
hand in	entregar
hand in	rendir se
hand in	presentar
hand in	entregar
hand in	notificar
hand on	pasar
hand on	transmitir
hand on	transferir
hand out	repartir
hand out	distribuir
hand over	entregar
hand over	dar
hand over	transferir
hand over	ceder
hang around	esperar
hang around	juntar se en
hang around	estar dando vueltas
hang around	merodear por
hang around	frecuentar
hang back	quedar se atrás
hang back	vacilar
hang down	colgar
hang down	marchitar se
hang in	perseverar
hang in	no rendir se
hang on	aguardar
hang on	esperar
hang on	poner atención a
hang out	colgar
hang out with	juntar se con
hang over	flotar sobre
hang over	adueñar se de
hang up	colgar
hang up	cortar
hang up	parar
hang up	detener
have out	tratar un asunto
head for	dirigir se hacia
head for	tirar para
head for	apuntar hacia
head off	salir
head off	ir se
head off	desviar
head out	partir
head out	marchar se
head up	liderar
hear about	enterar se de
hear from	oír de
hear from	tener noticias de
hear from	escuchar de
hear from	saber de
hear from	enterar se de
hear of	enterar se de
hear of	saber de
hear out	escuchar todo de
heat up	calentar
heat up	calentar se
heat up	animar se
heat up	caldear se
help along	ayudar a
help out	ayudar a
hem in	acorralar a
hem in	asediar a
hem in	cercar a
hide away	esconder
hide away	esconder se
hit back	devolver el golpe a
hit on	seducir a
hide out	ocultar se
hide out	esconder se
hold against	achacar 
hold against	achacar a
hold against	reprochar 
hold against	reprochar a
hold against	recriminar 
hold against	recriminar a
hold back	callar se
hold back	retener
hold back	refrenar a
hold back	refrenar  
hold back	frenar a
hold back	frenar
hold back	detener a
hold back	detener
hold back	contener
hold back	contener a
hold back	reprimir a
hold back	reprimir
hold back	contener se
hold back	reprimir se
hold down	mantener
hold down	retener
hold down	sujetar a
hold down	sujetar
hold down	aguantar
hold down	tener
hold forth	no parar de hablar
hold off	aguantar se sin
hold off	abstener se
hold off	frenar a
hold off	frenar
hold off	demorar
hold on to	agarrar se a
hold on to	aferrar se a
hold on to	asir se a
hold on to	asir se de
hold on to	agarrar se de
hold on	no colgar
hold on	no rendir se
hold on	resistir
hold on	aguantar
hold on	esperar
hold onto	conservar
hold onto	mantener
hold out	tender
hold out	retener
hold out	aguantar
hold out	durar
hold out	resistir se
hold out against	resistir ante
hold out against	resistir se ante
hold out against	oponer se a
hold out for	esperar por
hold out on	retener
hold over	aplazar
hold over	posponer
hold to	hacer cumplir
hold up	sostener
hold up	soportar
hold up	sujetar
hold up	sustentar
hold up	retrasar
hold up	demorar
hold up	aguantar
hold up	resistir
hold with	concordar con
hook up	enganchar
hook up	conectar
hook up	empezar a salir
hook up	follar
hunt down	cazar a
hunt down	perseguir a
hurry up	apurar se
hurry up	dar se prisa
hurry up	apurar a
identify with	identificar se con
identify with	identificar con
impose on	imponer se a
impose on	molestar a 
impose on	incomodar a
impose on	importunar a
improve on	mejorar
indulge in	permitir se
insist on	insistir en
insist on	exigir
insist on	demandar
instil in	inculcar en
interest in	interés en
interest in	interés por
interest in	interesar se
interfere with	manosear a
interfere with	manosear
interfere with	tocar a
interfere with	tocar
invest in	invertir en
invest in	apostar fuerte por
iron out	planchar
iron out	resolver
iron out	solucionar
itching for	morir se por
jack in	pirar se de
jack off	masturbar se
jack up	subir
jack up	inflar
jam into	forzar en
jam up	obstruir
jam up	obstaculizar
jam up	atascar
jam up	bloquear  
jam up	bloquear se
jam up	tapar se
jazz up	realzar
jerk around	marear la perdiz con
join in	unir se
join in	participar
join in	apuntar se
join up	unir
join up 	juntar
join up 	conectar
join up to	apuntar se a
join up to	inscribir se en
join with	acompañar a
join with	acompañar
join in with	participar en
join in with	apuntar se a
jot down	anotar
jot down	apuntar
jot down on	anotar en
jot down on	apuntar en
juice up	dar alegría
juice up	dar vida
jumble up	alterar
jumble up	revolver
jumble up	mezclar
jumble up	confundir
jumble up	desordenar
jumble up with	mezclar con
jump in	zambullir se
jump in	tirar se
jump in	meter se
jump in	meter se en
jump in	sumergir se en
jump in	involucrar se en
jump into	meter se a
jump into	tirar se a
jump into	meter se en
jump into	involucrar se en
jump on	saltar sobre
jump up	saltar
jut out	sobresalir
jut out from	sobresalir de
keep at	seguir con
keep at	persistir con
keep at	perseverar con
keep away	mantener la distancia
keep away	no acercar se
keep back	reservar
keep back	guardar
keep back	retener
keep back	mantener lejos a
keep back	mantener lejos
keep back	mantener se lejos
keep down	limitar a
keep down	limitar
keep down	sujetar a
keep down	sujetar
keep down	reprimir a
keep down	reprimir
keep down	controlar
keep from	abstener se de
keep from	contener se de
keep from	aguantar se de
keep from	proteger de
keep from	alejar de
keep in with	mantener se en contacto
keep in	contener
keep in	reprimir
keep in	tragar se
keep off	no pisar
keep off	no entrar en
keep on	seguir
keep on	persistir en
keep on	insistir en
keep on	no quitar se
keep out	no entrar
keep out	no dejar entrar a
keep out	no dejar entrar
keep out	no dejar pasar a
keep out	no dejar pasar
keel over	colapsar
keel over	desfallecer
keep to	mantener se en   
keep to	permanecer en
keep to	seguir
keep to	atener se a
keep to	ajustar se a
keep to	ceñir se a
keep together	no separar se
keep under	vigilar a
keep under	vigilar
keep under	velar
keep under	cubrir
keep up with	estar al tanto de
keep up with	estar actualizado sobre
keep up with	mantener el ritmo
keep up	mantener
keep up	seguir con
keep up	aguantar el ritmo
keep up	mantener al tanto
key in	teclear
kick against	oponer se a
kick around	proponer
kick back	relajar se
kick in	notar se
kick in	poner
kick off	sacar
kick off	arrancar
kick off	empezar
kick off	comenzar
kick off	inaugurar se
kick off	iniciar se
kick off	lanzar se  
kick over	patear
kick out	echar a
kick out	expulsar a
kick out	echar
kick out	expulsar
kid around	bromear
kid around	joder
kid around	corretear
kill off	exterminar a
kill off	exterminar
kill off	erradicar
kill off	acabar con
kill off	terminar con
kneel down	arrodillar se
knock about	golpear a
knock about	golpear
knock about	pegar a
knock about	maltratar a
knock about	maltratar
knock about	considerar
knock around	machacar a
knock around	machacar
knock around	golpear a
knock around	golpear
knock around	debatir
knock around	deliberar
knock around	considerar
knock around	discutir
knock back	bloquear a
knock back	bloquear
knock back	bajar se
knock back	mamar se
knock back	sacar a
knock back	soplar
knock down	derribar
knock down	demoler
knock down	abaratar
knock down	recortar
knock down	liquidar
knock down	atropellar a
knock down	atropellar
knock down	tumbar
knock down	tirar
knock off	bajar
knock off	salir
knock off	pirar se
knock off	copiar
knock off	acabar
knock off	terminar
knock out	noquear
knock out	tumbar
knock over	arrollar
knock over	atropellar
knock over	volcar
knock over	tirar
knock over	tumbar
knock together	hacer de prisa
knock up	avisar
knock up	preñar
knock up	preñar se
knuckle down 	apretar
knuckle down to	volcar se a
knuckle down to	esmerar se
knuckle down to	aplicar se
lash out	insolentar se
laugh off	reír se ante
launch into	lanzar se de lleno
lay aside	aparcar
lay aside	posponer
lay down	rendir se
lay down	poner
lay down	establecer
lay down	imponer
lay down	echar se
lay down	tumbar se
lay in	almacenar
lay into	atacar a
lay off	prescindir de
lay off	despedir
lay off	echar
lay off	no molestar
lay off	no fastidiar
lay off	no molestar a
lay off	no fastidiar a
lay on	enlucir
lay on	aplicar
lay on	poner sobre
lay out	componer
lay out	disponer
lay out	ordenar
lay out	desembolsar
lay out	poner se con
lay out	exponer
lay out	noquear
lay out	colocar
lay over	descansar
lay up	almacenar
laze around	holgazanear
lead on to	llevar a
lead on to	traer consigo
lead on to	suponer
lead up to	anteceder
lead up to	llevar a
lead up to	preceder a
lead up to	preparar
lead up to	proponer
learn off	aprender de memoria
leave behind	dejar
leave behind	olvidar
leave behind	dejar atrás
leave behind	aplastar
leave off	dejar de
leave off	acabar
leave off	terminar
leave out	omitir
leave out	excluir
leave out	obviar
let down	decepcionar
let down	tirar
let down	alargar
let down	desinflar
let go of	soltar
let go of	dejar
let in	dejar entrar
let off	dejar en libertad
let on	decir
let on	descubrir
let out	dejar salir
let out	soltar
let out	hacer salir
let out	liberar
let out	agrandar
let out	decir
let out	escupir
let out	escapar se
let up	parar
let up	aflojar
level with	sincerar se con
lie down	acostar se
lie down	tumbar se
lie down	echar se
lift up	alzar
lift up	elevar
lift up	levantar
lift up	subir
light up	iluminar
light up	iluminar se
light up	encender
lighten up	relajar se
line up	alinear
line up	arreglar
line up	programar
live down	superar la vergüenza
live for	vivir para
live off	vivir de
live on	mantener se
live on	sostener se
live on	vivir de
live on	pasar
live on	perdurar
live on	pervivir
live on	sobrevivir
live together	convivir
live up to	igualar
live with	convivir
live with	vivir con
live with	sobrellevar
lock up	enchironar
lock up	encerrar
long for	ansiar
long for	desear
log in	iniciar sesión
log in	abrir sesión
log on	conectar se
log on	iniciar sesión
log onto	entrar en
log onto	acceder a
log off	cerrar sesión
log off	finalizar sesión
log out	desloguear se
log out	cerrar sesión
look after	velar por
look after	cuidar de
look after	cuidar
look after	ocupar se de
look after	atender
look after	preocupar se por
look after	vigilar
look ahead	mirar adelante
look at	mirar
look back	mirar atrás
look back	rememorar
look back on	recordar
look down on	otear
look down on	vislumbrar
look down on	menospreciar
look down on	despreciar
look for	esperar
look for	buscar
look forward to	ansiar
look forward to	anhelar
look in on	pasar por
look into	investigar
look into	revisar
look into	mirar
look into	estudiar
look into	evaluar
look into	ver
look like	parecer se
look on	mirar
look on	observar
look on	considerar
look onto	dar a
look out	tener cuidado
look out for	vigilar
look out for	observar
look out for	cuidar
look out for	ocupar se de
look over	inspeccionar
look over	repasar
look over	mirar por encima
look round	mirar alrededor
look round	registrar
look round	reconocer
look round	chequear
look through	mirar por
look through	buscar entre
look through	revisar
look through	registrar entre
look through	ojear
look to	volver se hacia
look to	mirar
look to	recurrir
look to	buscar
look up to	admirar
look up to	respetar
look up to	admirar a
look up	mejorar
look up	buscar
lose out	salir perdiendo
mail out	despachar
major in	especializar se en
make for	dirigir se hacia
make for	conducir a
make for	dar lugar a
make into	convertir en
make into	transformar en
make off	escapar 
make off	huir
make off with	escapar con
make off with	robar se
make out	liar se
make out	pretender
make out	fingir
make over	redecorar
make over	remodelar
make over	renovar
make over	ceder
make over	transferir
make over	traspasar
make over	transformar
make up for	compensar
make up for	superar
make up for	reparar
make up to	congraciar se con
make up to	congraciar
make up to	compensar
make up to	halagar a
make up	maquillar se
make up	inventar
make up	preparar
make up	constituir
make up	formar
make up	armar
make up	montar
make up	reconciliar se
map out	planear
mark down	anotar
mark down	apuntar
mark down	rebajar
mark off	demarcar
mark off	separar
mark off	delimitar
mark out	marcar
mark out	señalar
mark up	marcar
mark up	subir el precio
match up	emparejar
match up	hacer coincidir
match up	comparar se
match up to	competir
match up to	rivalizar
max out	agotar
max out	exprimir
measure up	servir
measure up	medir
measure up	evaluar
meet up	encontrar se
meet up	quedar
meet up	reunir se
meet up	juntar se
meet up with	ver se
meet up with	encontrar se
meet up with	reunir se con
meet with	encontrar se con
meet with	recibir
meet with	tener
meet with	ocurrir
meet with	suceder
mess around	trastear
mess around	enredar
mess around with	enredar con
melt down	derretir
melt down	fundir
melt down	derretir se
melt down	fundir se
miss out	perder se
miss out	perder
miss out on	perder se
miss out on	dejar pasar
mix up	mezclar
mix up	confundir
mix up	preparar
move out	mudar se
mock up	bosquejar
mop up	limpiar
mop up	hacer se cargo
mount up	amontonar se
mount up	acumular se
mount up	juntar se
mount up	apilar se
mouth off	jactar se de
mouth off	fanfarronear se
move in	asentar se
move in	instalar se
move in	mudar se
move in	meter se
move in	intervenir
move in	involucrar se
move in on	lanzar se sobre
move in on	abalanzar se sobre
move in on	entrometer se en
move in on	meter se en
move in on	insinuar se
move into	mudar se a
move on	establecer se
move over	mover el culo
muck about	payasear
muck about	tontear
muck around	payasear
muck around	tontear
muck up	ensuciar
muck up	cagar la
muddle through	apañar se
muddle through	arreglar se
mull over	sopesar
mull over	pensar
mull over	rumiar
muscle in	meter se a la fuerza
muscle in on	meter se
muscle in on	introducir se
nag away at	preocupar
nag away at	atormentar
nail down	clavar
nail down	determinar
nail down	precisar
nail up	clavar
name after	llamar se por
narrow down	reducir
narrow down	restringir
nibble away at	mordisquear
nip off	recoger
nip off	coger
nip off	sacar
nip off	quitar
nip off	salir
nip off 	ir corriendo
nod off	cabecear
nose around	husmear
nose around	fisgonear
nose around	meter se
nose around	fisgar
notch up	acumular
notch up	juntar
notch up	aumentar
notch up	incrementar
note down	anotar
note down	tomar nota de
note down	apuntar
number among	contar entre
object to	objetar
object to	no estar de acuerdo con
occur to	suceder le a
offer up	sacrificar
offer up	sacrificar a
open out	desplegar
open out	abrir
open out onto	dar a
open out to	abrir se
open out to	desplegar se
open up	abrir se
open up	abrir
open up	sincerar se
open up	confiar se a
opt in	decidir tomar parte en
opt in	apuntar se en
opt out	optar por no
opt out of	salir se de
opt out of	no meter se en
order about	dar orden
order around	mandar
order in	pedir
order in	encargar
order out	pedir por teléfono
owe to	deber
own up	reconocer
own up	admitir
own up to	admitir
own up to	confesar
pan out	resultar
pass away	ir se
pass away	morir
pass away	fallecer
pass away	expirar
pass by	pasar por
pass by	ignorar
pass down	legar
pass down	transmitir
pass for	pasar por
pass off	transcurrir
pass off	pasar
pass on	pasar
pass on	dejar
pass on	contagiar
pass out	desmayar se
pass out	graduar se
pass out	repartir
pass over	ignorar
pass over	obviar
pass over	eludir
pass over	sobrevolar
pass over	atravesar
pass through	cruzar
pass through	atravesar
pass through	traspasar
pass up	desaprovechar
pass up	desperdiciar
pass up	renunciar
pay back	devolver
pay back	pagar
pay back	reembolsar
pay back	vengar se
pay back	contestar
pick at	meter se con
pick at	criticar a
pick off	cargar se a
pick off	derribar a
pick on	meter se con
pick on	acosar
pick on	atormentar
pick out	elegir
pick out	escoger
pick out	seleccionar
pick out	identificar
pick out	reconocer
pick over	elegir
pick over	elegir entre
pick over	seleccionar
pick up on	percatar se
pick up on	enterar se
pick up on	pillar
pick up on	captar
pick up on	dar se cuenta
pick up on	retomar
pick up	recoger a
pick up	buscar a
pick up	recoger
pick up	retirar
pick up	levantar
pick up	levantar a
pick up	ganar a
pick up	ligar con
pick up	conquistar a
pick up	mejorar
pick up	remontar
pick up	repuntar
pick up	contestar
pick up	atender
pick up	adquirir
pick up	aprender
pick up	agarrar
pitch up on	inclinar se por
pitch up on	elegir
pitch up on	escoger
pitch forward	caer de cabeza
pitch in	cooperar
pitch in	contribuir
pitch in	ayudar
pitch into	meter se con
pitch into	agredir verbalmente a
pitch into	insultar a
pitch into	putear a
pitch into	arremeter contra
pitch into	atacar
point out	mostrar
point out	señalar
point out	puntulizar
point out	remarcar
pull about	maltratar
pull about	manosear
pull about	estropear
pull along	arrastrar
pull along	arrastrar se
pull apart	desarmar
pull apart	desmontar
pull apart	despedezar
pull apart	demoler
pull apart	romper
pull away	alejar se
pull away	apartar se
pull away	alejar se de
pull away	apartar se de
pull away	dejar atrás
pull away	adelantar se
pull away	sacar ventaja
pull away	retirar
pull back	descorrer
pull back	retirar
pull down	cerrar
pull down	bajar
pull in	estacionar
pull in	aparcar
pull in	detener se
pull off	quitar se
pull off	sacar se
pull off	arrancar se
pull off	sacar adelante
pull off	salir
pull on	poner se
pull on	tirar de
pull on	tironear
pull on	estirar
pull out	sacar
pull out	extraer
pull out	arrancar
pull out	partir
pull out	ir se
pull out	retirar se
pull out	abrir se
pull out	salir se
pull out	retirar se de
pull out	salir se de
pull out	abrir se de
pull out	retirar
pull over	parar
pull over	detener
pull round	reanimar
pull round	reponer se
pull round	reanimar se
pull through	reponer se
pull through	recuperar se
pull up	detener se
pull up	frenar
pull up	detener
pull up	levantar vuelo
pull up	echar la bronca
put across	expresar
put across	comunicar
put aside	apartar
put aside	poner a un lado
put aside	dejar a un lado
put aside	rechazar
put back	postergar
put back	posponer
put back	colocar de nuevo
put back	guardar
put by	apartar
put down	hablar mal de
put down	rebajar
put down	menospreciar
put down	despellejar
put down	ningunear
put down	sacrificar
put down	poner a dormir
put down	apuntar
put down	anotar
put down	poner
put down	escribir
put forth	proponer
put forward	ofrecer se
put forward	postular se
put forward	proponer
put in	poner en
put in	introducir en
put in	meter en
put in	aportar
put in	contribuir
put in	poner
put in	trabajar
put in	currar
put in	interponer
put off	desalentar
put off	postergar
put off	posponer
put off	dejar para
put off	causar rechazo
put off	retrasar
put off	aplazar
put off	disuadir
put on	poner se
put on	simular
put over	exponer se
put out	incomodar
put out	apagar
put out	ir se a la cama
put through	hacer pasar
put through	aprobar
put through	pasar a
put through	comunicar a
put through	someter a
put together	encajar
put together	juntar
put together	reunir
put up with	tolerar
put up with	aguantar
put up with	aceptar
put up with	conformar se con
put up with	resignar se a
put up	colgar
put up	desplegar
put up	subir
put up	levantar
put up	hospedar a
put up	alojar a
put up	aportar
put up	contribuir
put upon	abusar
put upon	molestar a
put upon	incomodar a
quarrel with	discutir con
queue up	hacer cola
queue up	alinear se
quieten down	acallar
rake in	amasar
rally round	solidarizar se
reach out	contactar
reach out	localizar
reach out	llegar a
read out	leer en voz alta
read out	amonestar
read up on	investigar
read up on	estudiar
read up on	documentar se
read up on	informar se
refer to	consultar
refer to	tratar se de
refer to	referir se a
reflect on	reflexionar
reflect on	recaer
reflect on	considerar
reflect upon	reflexionar
rely on	confiar
remind of	recordar a
remind of	recordar
resign yourself to	aceptar
resign yourself to	rendir se ante
resort to	recurrir a
resort to	acudir a
resort to	echar mano de
resort to	echar mano a
result in	conllevar
result in	resultar
result in	resultar en
result in	dar como resultado
result in	tener como resultado
result in	dar lugar a
return to	retomar
return to	volver
return to	retornar
revert to	volver a
revert to	retomar
revert to	regresar a
revert to	revertir
ride about	pasear a caballo
ride about	pasear en coche
ride about	pasear en bicicleta
ride away	alejar se
ride away	ir se
ride away	partir
ride back	volver a caballo
ride back	volver en bicicleta
ride on	montar en
ride on	jugar se
ride on	estar en juego
ride out	capear
ring back	volver a llamar
ring up	telefonear a
ring up	llamar por teléfono a
ring up	marcar
rip off	arrancar
rip off	timar
rip off	estafar
rip off	tangar
rip up	romper
rip up	despedazar
rip up	rasgar
roll out	dar a conocer
roll out	lanzar
roll out	introducir
roll over	pasar por encima de
roll over	dar se vuelta
roll over	pasar
roll up at	llegar a
roll up to	llegar a
roll up	llegar
roll up	enrollar se
roll up	enrollar
root out	extirpar
root out	erradicar
rope in	agarrar a
rope in	meter a
rope in	enganchar a
rough up	dar una paliza a
round down	redondear
round off	completar
round off	acabar
round off	rematar
round off	redondear
round on	volver se contra
round on	volver se en contra de
round out	redondear
round out	completar
round up	juntar
round up	arrear
round up	reunir
round up	reunir a
round up	redondear
rub off on	caer sobre
rub off on	contagiar se en
rub off	borrar se
rub off	desaparecer
rub off	quitar se
rub off	pegar se
rub off	contagiar se
rub off	quitar
rub off	sacar
rub off	refregar
rub off	restregar
rub off	limpiar
rub out	borrar
rub out	limpiar a
rule out	descartar
run acros	cruzar se
run acros	cruzar se con
run acros	encontrar
run acros	tropezar con
run after	perseguir
run after	perseguir a
run up against	tropezar con
run away with	llevar se
run away with	fugar se con
run away with	dejar se llevar por
run away with	comer se
run away	huir
run away	escapar
run counter to	ir en contra de
run down	desprestigiar
run down	atropellar
run into	chocar
run into	chocar con
run into	tropezar con
run into	tropezar se con
run into	encontrar se con
run into	encontrar
run into	topar se con
run off with	escapar se con
run off	salir corriendo
run off	huir
run off	echar a
run off	correr
run off	imprimir
run off	sacar
run off	correr por
run off	deslizar se
run off	deslizar se por
run off	caer por
run on	seguir
run on	alargar se
run on	andar a
run out of	quedar se sin
run out	salir corriendo
run out	acabar se
run out	agotar se
run out	quedar se sin
run out on	abandonar
run over	atropellar
run over	atropellar a
run over	arrollar
run over	arrollar a
run through	ensayar
run through	repasar
run to	costar
run to	llegar a
run to into	topar se con
run to into	tropezar con
run to into	encontrar
run to into	encontrar se con
run up	coger carrerilla
run up against	tropezar con
rush into	apurar se
rush off	ir se volando
rush off	salir pitando
save up	ahorrar
save up	guardar
save up	acumular
screw up	arruinar
screw up	fregar
screw up	cagar
screw up	meter la pata
screw up	cagar la
screw up	joder la
screw up	cargar se
scope out	averiguar
seal off	acordonar
see about	pensar
see about	considerar
see about	encargar se
see off	correr a
see off	despedir a
see out	despedir a
see through	ver a través de
see through	calar
see through	adivinar la intención de
see through	llevar a cabo
see through	alcanzar
see to	encargar se de
see to	ocupar se de
sell off	vender
sell off	rematar
sell off	liquidar
sell out	agotar se
sell out	traicionar se
sell out	liquidar
send back	devolver
send for	ir a buscar a
send for	mandar a buscar a
send for	hacer traer
send off	enviar
send off	mandar
send off	despachar
set about	poner se a
set about	empezar a
set about	comenzar a
set about	atacar a
set against	poner en contra de
set against	contraponer con
set against	contrastar con
set against	comparar con
set apart	distinguir
set apart	diferenciar
set apart	guardar
set apart	separar
set aside	interrumpir momentáneamente
set aside	dejar a un lado
set aside	aparcar
set aside	apartar
set back	complicar a
set back	obstaculizar a
set back	retrasar
set back	posponer
set down	dejar sobre
set down	dejar encima de
set down	poner sobre
set down	dejar por escrito
set down	anotar
set down	poner por escrito
set forth	describir
set forth	partir
set forth	poner se en camino
set in	establecer se
set in	insertar se
set off	salir
set off	partir
set off	activar
set off	disparar
set off on	salir hacia
set off on	salir para
set on	atacar
set on	agredir
set out	partir
set out	disponer se a
set out	presentar
set out	exponer
set out	precisar
set to	poner se a
set to	empeza a
set up	instalar
set up	fundar
set up	armar
set up	montar
set up	tender una trampa a
settle back	relajar se
settle down	acomodar se
settle down	tranquilizar se
settle down	estabilizar se
settle down	asentar se
settle down	establecer se
settle for	conformar se con
settle for	dejar en
settle in	sentir se a gusto
shake off	sacudir
shake off	sacar se de encima
shake off	quitar se de encima
shake off	librar se de
shake up 	agitar
shake up	sacudir
shake up	afectar
shake up	sacudir a
shake up	revolucionar
shake up	reformar
shake up	reorganizar
shoot up	disparar
shoot up	disparar se
shoot up	pegar el estirón
shoot up	pinchar se
shoot up	chutar se
shoot up	acribillar
shoot up	llenar de plomo
shoot up	meter se por la vena
shop around	comparar precio
shop around	tratar de vender
show off	fardar
show off	fanfarronear
show off	presumir
show off	jactar se
show off	resaltar
show up	revelar
show up	aparecer
show up	asomar
show up	asomar se
show up	exponer
show up	hacer resaltar
shut down	cerrar
shut down	parar se
shut down	dejar de funcionar
shut down	cerrar se a escuchar
shut down	cerrar se en banda
shut down	apagar
shut off	cortar
shut out	dejar afuera
shut out	no escuchar
shut out	no escuchar a
shut out	rechazar
shut out	excluir
shut out	rechazar a
shut out	excluir a
shut out	bloquear
shut up	callar se
shut up	cerrar
sign in	firmar
sign in	registrar se
sign up	inscribir se
sign up	apuntar se a
sign up	anotar se a
sign up	inscribir a
sign up	apuntar
sign up	anotar se para
sign up	apuntar se
sign up	unir se
sit back	relajar se
sit back	recortar se
sit back	sentar se
sit back	inclinar se
sit back	reclinar se
sit down	sentar se
sit in	asistir
sit in	hacer una sentada
sit in	asistir como oyente
sit in on	asistir
sit in on	ir de oyente
sit in on	venir de oyente
sit up	reacomodar se
sit up	poner se en guardia
size up	evaluar
size up	evaluar a
size up	estudiar
size up	estudiar a
size up	medir
size up	medir a
sleep together	acostar se
sleep together	dormir juntos
sleep with	encamar se con
sleep with	dormir con
sleep over	quedar se a dormir
slip away	escurrir se
slip away	escabullir se
slip away	pasar
slip away	esfumar se
slip away	desvanecer se
slip away	desaparecer
slip away	apagar se
slip away	ir se
slip by	escurrir se
slip into	poner se
slip into	calzar se
slip into	deslizar se
slip into	transformar se
slip off	quitar se
slip off	descalzar se
slip off	escabullir se
slip off	caer se
slip off	resbalar se
slip on	poner se
slip on	tirar se encima
slip on	resbalar en 
slip on	resbalar con
slip out of	deshacer se de
slip out of	quitar se
slip out	escaparse
slip up	equivocar se
slip up	errar
slip up	pifiar
slow down	desacelerar
slow down	disminuir la velocidad
smell of	oler a
snap up	volar
snap up	agotar se
sober up	recobrar la sobriedad
sober up	despejar se
sober up	desembriagar se
sober up	espabilar se
sober up	despabilar se
sober up	espabilar a
sort out	ordenar
sort out	disponer
sort out	preparar
sort out	planear
speak out	expresar se
speak out	hablar
speak out against	denunciar
speak up	elevar la voz
speak up	hablar más alto
speak up for	defender
speed up	apurar
speed up	meter prisa a
speed up	apresurar
speed up	apurar se
speed up	dar se prisa
speed up	acelerar se
spell out	deletrear
spell out	explicar en detalle
spread out	estirar
spread out	extender
spread out	echar se
spread out	tumbar se
spread out	despatarrar se
spread out	separar se
spread out	dispersar se
stamp out	extirpar
stamp out	aniquilar
stand aside	apartar se
stand back	apartar se
stand by	apoyar
stand by	estar con
stand down	renunciar
stand down	retirar se
stand down	dimitir
stand down	abandonar el estrado
stand down	salir de servicio
stand for	significar
stand for	representar
stand for	simbolizar
stand for	tolerar
stand for	apoyar
stand for	defender
stand in for	sustituir
stand in for	substituir
stand in for	suplir
stand in for	reemplazar
stand in for	sustituir a
stand in for	substituir a
stand in for	representar a
stand out	destacar
stand out	destacar se
stand out	sobresalir
stand out	resaltar
stand over	supervisar
stand over	supervisar a
stand over	vigilar a
stand up for	defender
stand up for	defender se
stand up for	apoyar
stand up to	hacer frente a
stand up to	resistir 
stand up to	aguantar
stand up to	resistir a
stand up to	aguantar a
stand up	poner se de pie
stand up	levantar se
stand up	parar se
stand up	levantar
stand up	parar
stand up	plantar a
start off	iniciar se
start off	comenzar
start off	empezar
start off	iniciar
start out	empezar
start out	comenzar
start up	prender
start up	encender
start up	arrancar
start up	hacer arrancar
start up	emprender
start up	abrir
start up	dar inicio a
start up	iniciar
start up	empezar
stay away from	alejar se de
stay up	quedar se en pie
step down	bajar se
step down	dimitir
step down	renunciar
step up	reforzar
step up	incrementar
step up	redoblar
step up	ofrecer se
step up	dar un paso adelante
stick out	levantar
stick out	alzar
stick out	proyectar
stick out	extender
stick out	sobresalir
stick out	destacar
stick out	resaltar
stick out	aguantar se
stick to	apegar se
stick to	atener se
stick to	permanecer leal
stock up	acumular
stock up	acaparar
stick up for	defender a
stick up for	defender
stick up for	sacar la cara por
stick up for	dar la cara por
stick with	seguir a rajatabla
stick with	apegar se a
stick with	ceñir se a
stick with	estar con
stick with	permanecer con
stick with	estar al lado de
stick with	permanecer al lado de
stir up	suscitar
stock up on	aprovisionar se de
stock up on	surtir se de
stock up on	abastecer se de
stop over	hacer noche
stop over	hacer escala
storm out	salir hecho una furia
sum up	resumir
switch off	apagar
switch off	desenchufar se
switch off	desconectar se
switch on	prender
switch on	encender
tail off	apagar se
tail off	remitir
tail off	ir disminuyendo
take after	parecer se a
take after	asemejar se a
take after	salir a
take after	perseguir
take apart	desmontar
take apart	desarmar
take apart	deshacer
take aside	llevar aparte a
take aside	apartar a
take away	quitar
take away	requisar
take away	confiscar
take away	sacar
take away	llevar se
take back	retirar
take back	retractar se de
take back	recuperar
take back	recobrar
take back	reclamar
take back	readmitir
take care	tener cuidado
take down	desmontar
take down	desmantelar
take down	anotar
take for	tomar por
take for	tomar como
take for	confundir con
take in	internalizar
take in	pillar
take in	pescar
take in	asimilar
take in	enterar se
take in	ajustar
take in	estrechar
take in	tomar
take off	quitar
take off	quitar se
take off	sacar
take off	sacar se
take off	despegar
take on	enfrentar se a
take on	hacer se cargo de
take on	competir con
take on	contratar a
take out on	desquitar se con
take out	salir con
take out	invitar a salir
take out	sacar
take out	arrebatar
take out	extraer
take out	comprar
take out	adquirir
take over	encargar se de
take over	ocupar se de
take over	relevar
take to	acoplar se a
take to	encariñar se con
take to	aficionar se a
take to	dar por
take up	empezar a hacer
take up	comenzar
take up	iniciar
take up	emprender
take up	aceptar
take up	absorber
take up	acaparar
take up	involucrar
take up	comprometer
take up	requerir
take up	ocupar
take up subir	
take up with	juntar se con
take upon	encargarse de
talk back	contestar
talk back	ser impertinente con
talk back	ser insolente con
talk down to	tratar con paternalismo a
talk into	convencer a
talk into	persuadir a
talk into	convencer de
talk into	persuadir de
talk out of	disuadir a
talk out of	convencer a
talk out of	desaconsejar a
talk out of	disuadir de
talk out of	convencer de
talk out of	desaconsejar de
talk over	hablar sobre
talk over	pisar
talk round	llegar a convencer a
talk round	llegar a convencer de
talk up	hablar claro
talk up	hablar más alto
talk up	ensalzar
talk up	levantar la voz
talk up	insolentar se
tear apart	despedazar
tear apart	machacar
tear apart	desgarrar
tear apart	hacer polvo
tear apart	rasgar
tear apart	desgarrar a
tear apart	destrozar a
tear apart	destrozar
tear apart	destruir a
tear down	demoler
tear down	derribar
tear down	tirar abajo
tear down	hacer una crítica demoledora
tear down	destrozar a
tear down	echar abajo a
tear down	tirar abajo a
tear down	despedazar
tear down	despedazar a
tear up	hacer mierda
tear up	lagrimear
tell apart	diferenciar
tell apart	distinguir
tell off	reñir
tell off	regañar
tell off	retar
tell on	afectar
tell on	chivar se 
think back	recordar
think back	rememorar
think of	considerar la posibilidad de
think of	concebir
think over	pensar en
think over	pensar
think up	pensar en
throw away	tirar
throw away	desaprovechar
throw away	malgastar
throw away	desperdiciar
throw back	devolver
throw back	apurar
throw in	agregar
throw in	incluir
throw in	añadir
throw off	desechar
throw off	confundir
throw off	descolocar
throw off	embarullar
throw on	poner se
throw out	tirar
throw out	rechazar
throw out	desechar
throw out	dejar caer
throw up	vomitar
throw up	devolver
throw up	buitrear
throw up	lanzar
tick away	pasar
tick off	tildar
tick off	marcar
tick off	cabrear a
tick off	echar la bronca a
tidy up	organizar
tidy up	arreglar
tidy up	asear
tidy up	ordenar
tie up	atar
tie up	amarrar
tie up	concluir
tip off	avisar a
tip off	prevenir a
tip off	avisar de
tip off	prevenir sobre
top up	recargar
top up	rellenar
touch on	tocar brevemente
touch on	tocar de paso
touch on	aludir brevemente
touch on	tocar apenas
track down	ubicar a
track down	ubicar
track down	rastrear a
track down	rastrear
track down	localizar
track down	localizar a
try for	intentar
try on	probar se
try out	probar
turn against	poner en contra 
turn against	poner se en contra de
turn around	volver se
turn around	girar sobre
turn around	girar alrededor
turn around	cambiar
turn around	cambiar de opinión
turn away	apartar se
turn away	alejar se de
turn away	apartar se de
turn away	abandonar
turn away	apartar la vista
turn away	volver la espalda
turn back	dar media vuelta
turn back	volver se 
turn back	regresar
turn back	dar se media vuelta
turn down	rechazar
turn down	rechazar a
turn down	doblar
turn down	bajar
turn in	entregar a
turn in	entregar
turn in	acostar se
turn into	virar hacia
turn into	convertir se en
turn into	transformar se en
turn off	desconectar
turn off	apagar
turn off	salir se
turn on	conectar
turn on	encender
turn on	poner
turn out	acudir
turn out	presentar se
turn out	terminar
turn out	acabar
turn out	resultar
turn out	desmoldar
turn out	apagar
turn out	producir
turn out	formar
turn out	vaciar
turn over	voltear se
turn over	dar la vuelta a
turn over	ganar
turn over	facturar
turn over	reflexionar sobre
turn over	voltear
turn to	acudir a
turn to	encomendar se a
turn to	recurrir a
turn to	volver se hacia
turn to	convertir se en
turn up	alzar
turn up	elevar
turn up	aumentar
turn up	subir
turn up	aparecer
turn up	presentar se
urge on	instar a
urge on	alentar
urge on	animar
use up	gastar
use up	usar todo
usher in	escoltar
usher in	hacer pasar
usher in	marcar el comienzo
usher in	marcar el inicio
usher in	dar lugar a
usher in	abrir paso
veg out	holgazanear
veg out	vaguear
verge on	rayar en
verge on	lindar con
vie for	competir por
vie for	luchar por
vote in	elegir por votación
vouch for	dar fe
wait around	quedar se esperando
wait behind	esperar se
wait on	atender
wait on	esperar
wait upon	cumplimentar
wait up	velar
wait up	no acostar se
wake up	despertar se
wake up	desayunar se con
wake up	dar se cuenta de
wake up	despertar
walk about	pasear
walk about	deambular
walk around	dar una vuelta
walk away with	salir
walk away with	llevar se
walk away with	robar
walk away	marchar se
walk away	ir se
walk back	volver a pie
walk down	bajar por
walk down	caminar por
walk in	entrar
walk in	irrumpir
walk in	meter se
walk in	plantar se
walk in	interrumpir a
walk into	tropezar con
walk into	tropezar se con
walk into	entrar caminando
walk off	alejar se caminando
walk off	ir se caminando
walk off	marchar se caminando
walk off	largar se caminando
walk off with	llevar se
walk on	seguir andando
walk out on	finalizar
walk out on	acabar con
walk out on	poner fin a
walk out on	dejar
walk out on	abandonar
walk out	largar se
walk out	desistir
walk out	salir a pie
walk over	pasar por encima
walk over	atravesar
walk over	cruzar
walk over	caminar hacia
walk over	aproximar se
walk over	acercar se
walk through	transitar por
walk through	conducir
walk through	guiar
walk up	acercar se
ward off	repeler
ward off	mantener a raya a
ward off	mantener a raya
warm up	calentar se
warm up	calentar
warm up	recalentar
warm up	animar
warm up	entusiasmar
warm up	entonar
wash away	limpiar
wash away	lavar
wash down	lavar a fondo
wash down	baldear
wash down	bajar
wash out	perder color
wash out	desgastar
wash out	desteñir
wash out	limpiar
wash out	lavar
wash out	sacar
wash out	limpiar de
wash out	enjuagar
wash out	sacar la mancha
wash up	arrastrar
wash up	fregar
wash up	lavar
wash up	lavar la loza
wash up	fregar la loza
wash up	lavar se
wash up	perder eficacia
wash up	venir se a menos
want out	querer salir
want out	querer dejar
waste away	consumir se
waste away	chupar se
watch out	tener cuidado
watch out for	mantener se alerta
watch out for	tener cuidado de
water down	moderar
water down	diluir
water down	suavizar
water down	aguar
wean off	destetar
wear down	desgastar se
wear down	gastar se
wear down	gastar
wear down	desgastar
wear down	agotar
wear off	desaparecer
wear off	desvanecer se
wear off	quitar se
wear off	pasar se
wear out	agotar 
wear out	cansar
wear out	fatigar
wear out	deteriorar se
wear out	gastar
wear out	desgastar
wear out	gastar se
wear out	desgastar se
weed out	hacer limpieza
weed out	erradicar
weed out	extirpar
weed out	deshacer se
weigh down	pesar a
weigh down	pesar
weigh down	agobiar a
weigh down	ahogar a
weigh down	asfixiar a
weigh in	pesar
weigh in	intervenir
weigh in on	discrepar con vehemencia
weigh in on	estar en total desacuerdo
weigh in with	apoyar a
weigh up	sopesar
weigh up	ponderar
whip up	batir
whip up	suscitar
whip up	despertar
whip up	improvar
win back	recuperar
win back	recobrar
win over	convencer
wind down	desinflar se
wind down	quedar sin energía
wind down	perder potencia
wind down	relajar se
wind down	desconectar se
wind up	concluir
wind up	terminar
wind up	acabar
wind up	reventar a
wipe away	secar
wipe away	limpiar
wipe away	eliminar
wipe out	limpiar
wipe out	aniquilar
wipe out	barrer
wise up	madurar
wise up	avivar se
wise up	espabilar se
wise up	entrar en razón
wise up	pensar un poco
wise up	dar el soplo
wise up	chivatear
wise up	pasar el dato
wise up	abrir los ojos
work off	quemar
work off	bajar
work on	esforzar se en
work on	tratar de convencer
work on	persuadir
work on	trabajar se
work out	ejercitar se
work out	resolver
work out	calcular
work out	cuadrar
work out	entrenar
wrap up	envolver
wrap up	cerrar
wrap up	empaquetar
wrap up	redondear
wrap up	abrigar se
wrestle with	pelear se con
wrestle with	luchar con
write down	apuntar
write down	escribir
write down	anotar
write off	declarar siniestro total
write off	defraudar
write off	fundir
write off	ignorar
write off	descartar
write off	enviar a traer
write out	escribir entero
write up	reportar
write up	dar un aviso a
write up	escribir una redacción con
write up	hacer un informe con
yank on	tirar de
yearn for	desear
yearn for	anhelar
yearn for	ansiar
yearn for	morir se por
yell out	gritar
zero in on	centrar se en
zero in on	concentrar se en
zero in on	enfocar se en
zero in on	dirigir la atención hacia
zip up	subir el cierre de
zip up	abrochar
zoom in	hacer zoom
zoom in	cerrar el foco
zoom in	concentrar se en
zoom in	centrar se en
zoom in on	centrar se en
zoom in on	concentrar se en
